<settings>
  <setting name="AllowOnlyOneInstance">0</setting>
  <setting name="CloseOnEscape">0</setting>
  <setting name="CollapseServicesOnStart">0</setting>
  <setting name="DbgHelpPath">dbghelp.dll</setting>
  <setting name="DbgHelpSearchPath"></setting>
  <setting name="DbgHelpUndecorate">1</setting>
  <setting name="DisabledPlugins"></setting>
  <setting name="ElevationLevel">1</setting>
  <setting name="EnableCycleCpuUsage">1</setting>
  <setting name="EnableInstantTooltips">0</setting>
  <setting name="EnableKph">1</setting>
  <setting name="EnableNetworkResolve">1</setting>
  <setting name="EnablePlugins">1</setting>
  <setting name="EnableServiceNonPoll">0</setting>
  <setting name="EnableStage2">0</setting>
  <setting name="EnableWarnings">1</setting>
  <setting name="EnvironmentListViewColumns"></setting>
  <setting name="FindObjRegex">0</setting>
  <setting name="FindObjListViewColumns"></setting>
  <setting name="FindObjWindowPosition">350,350</setting>
  <setting name="FindObjWindowSize">@96|550,420</setting>
  <setting name="FirstRun">0</setting>
  <setting name="Font"></setting>
  <setting name="ForceNoParent">0</setting>
  <setting name="HandleTreeListColumns"></setting>
  <setting name="HandleTreeListSort">0,1</setting>
  <setting name="HiddenProcessesListViewColumns"></setting>
  <setting name="HiddenProcessesWindowPosition">400,400</setting>
  <setting name="HiddenProcessesWindowSize">@96|520,400</setting>
  <setting name="HideDriverServices">0</setting>
  <setting name="HideOnClose">0</setting>
  <setting name="HideOnMinimize">0</setting>
  <setting name="HideOtherUserProcesses">0</setting>
  <setting name="HideSignedProcesses">0</setting>
  <setting name="HideUnnamedHandles">1</setting>
  <setting name="HighlightingDuration">3e8</setting>
  <setting name="IconMask">1</setting>
  <setting name="IconMaskList"></setting>
  <setting name="IconNotifyMask">c</setting>
  <setting name="IconProcesses">a</setting>
  <setting name="IconSingleClick">0</setting>
  <setting name="IconTogglesVisibility">1</setting>
  <setting name="LogEntries">200</setting>
  <setting name="LogListViewColumns"></setting>
  <setting name="LogWindowPosition">300,300</setting>
  <setting name="LogWindowSize">@96|450,500</setting>
  <setting name="MainWindowAlwaysOnTop">0</setting>
  <setting name="MainWindowOpacity">0</setting>
  <setting name="MainWindowPosition">100,100</setting>
  <setting name="MainWindowSize">@96|1019,600</setting>
  <setting name="MainWindowState">1</setting>
  <setting name="MaxSizeUnit">6</setting>
  <setting name="MemEditBytesPerRow">10</setting>
  <setting name="MemEditGotoChoices"></setting>
  <setting name="MemEditPosition">450,450</setting>
  <setting name="MemEditSize">@96|600,500</setting>
  <setting name="MemFilterChoices"></setting>
  <setting name="MemResultsListViewColumns"></setting>
  <setting name="MemResultsPosition">300,300</setting>
  <setting name="MemResultsSize">@96|500,520</setting>
  <setting name="MemoryTreeListColumns"></setting>
  <setting name="MemoryTreeListSort">0,0</setting>
  <setting name="MemoryListsWindowPosition">400,400</setting>
  <setting name="MemoryReadWriteAddressChoices"></setting>
  <setting name="MiniInfoWindowEnabled">1</setting>
  <setting name="MiniInfoWindowOpacity">0</setting>
  <setting name="MiniInfoWindowPinned">0</setting>
  <setting name="MiniInfoWindowPosition">200,200</setting>
  <setting name="MiniInfoWindowRefreshAutomatically">1</setting>
  <setting name="MiniInfoWindowSize">@96|10,200</setting>
  <setting name="ModuleTreeListColumns"></setting>
  <setting name="ModuleTreeListSort">0,0</setting>
  <setting name="NetworkTreeListColumns">@96|0,0,219|1,1,120|2,2,50|3,3,120|4,4,50|5,5,45|6,6,70|7,7,80</setting>
  <setting name="NetworkTreeListSort">0,1</setting>
  <setting name="NoPurgeProcessRecords">0</setting>
  <setting name="PluginsDirectory">plugins</setting>
  <setting name="ProcessServiceListViewColumns"></setting>
  <setting name="ProcessTreeListColumns">@96|0,0,275|1,1,50|2,2,45|3,3,70|4,4,70|5,5,140|6,6,180</setting>
  <setting name="ProcessTreeListSort">0,0</setting>
  <setting name="ProcPropPage">General</setting>
  <setting name="ProcPropPosition">200,200</setting>
  <setting name="ProcPropSize">@96|460,580</setting>
  <setting name="ProgramInspectExecutables">peview.exe &quot;%s&quot;</setting>
  <setting name="PropagateCpuUsage">0</setting>
  <setting name="RunAsProgram"></setting>
  <setting name="RunAsUserName"></setting>
  <setting name="SampleCount">500</setting>
  <setting name="SampleCountAutomatic">1</setting>
  <setting name="ScrollToNewProcesses">0</setting>
  <setting name="SearchEngine">http://www.google.com/search?q=&quot;%s&quot;</setting>
  <setting name="ServiceListViewColumns"></setting>
  <setting name="ServiceTreeListColumns">@96|0,0,140|1,1,220|2,2,100|3,3,70|4,4,130|5,5,50</setting>
  <setting name="ServiceTreeListSort">0,1</setting>
  <setting name="SessionShadowHotkey">106,2</setting>
  <setting name="ShowCommitInSummary">0</setting>
  <setting name="ShowCpuBelow001">0</setting>
  <setting name="StartHidden">0</setting>
  <setting name="SysInfoWindowAlwaysOnTop">0</setting>
  <setting name="SysInfoWindowOneGraphPerCpu">0</setting>
  <setting name="SysInfoWindowPosition">200,200</setting>
  <setting name="SysInfoWindowSection"></setting>
  <setting name="SysInfoWindowSize">@96|620,590</setting>
  <setting name="SysInfoWindowState">1</setting>
  <setting name="ThinRows">0</setting>
  <setting name="ThreadTreeListColumns"></setting>
  <setting name="ThreadTreeListSort">1,2</setting>
  <setting name="ThreadStackListViewColumns"></setting>
  <setting name="ThreadStackWindowSize">@96|420,380</setting>
  <setting name="UpdateInterval">3e8</setting>
  <setting name="ColorNew">ff7f</setting>
  <setting name="ColorRemoved">283cff</setting>
  <setting name="UseColorOwnProcesses">1</setting>
  <setting name="ColorOwnProcesses">aaffff</setting>
  <setting name="UseColorSystemProcesses">1</setting>
  <setting name="ColorSystemProcesses">ffccaa</setting>
  <setting name="UseColorServiceProcesses">1</setting>
  <setting name="ColorServiceProcesses">ffffcc</setting>
  <setting name="UseColorJobProcesses">1</setting>
  <setting name="ColorJobProcesses">3f85cd</setting>
  <setting name="UseColorWow64Processes">1</setting>
  <setting name="ColorWow64Processes">8f8fbc</setting>
  <setting name="UseColorDebuggedProcesses">1</setting>
  <setting name="ColorDebuggedProcesses">ffbbcc</setting>
  <setting name="UseColorElevatedProcesses">1</setting>
  <setting name="ColorElevatedProcesses">aaff</setting>
  <setting name="UseColorImmersiveProcesses">1</setting>
  <setting name="ColorImmersiveProcesses">cbc0ff</setting>
  <setting name="UseColorSuspended">1</setting>
  <setting name="ColorSuspended">777777</setting>
  <setting name="UseColorDotNet">1</setting>
  <setting name="ColorDotNet">ffde</setting>
  <setting name="UseColorPacked">1</setting>
  <setting name="ColorPacked">9314ff</setting>
  <setting name="UseColorGuiThreads">1</setting>
  <setting name="ColorGuiThreads">77ffff</setting>
  <setting name="UseColorRelocatedModules">1</setting>
  <setting name="ColorRelocatedModules">80c0ff</setting>
  <setting name="UseColorProtectedHandles">1</setting>
  <setting name="ColorProtectedHandles">777777</setting>
  <setting name="UseColorInheritHandles">1</setting>
  <setting name="ColorInheritHandles">ffff77</setting>
  <setting name="GraphShowText">1</setting>
  <setting name="GraphColorMode">0</setting>
  <setting name="ColorCpuKernel">ff00</setting>
  <setting name="ColorCpuUser">ff</setting>
  <setting name="ColorIoReadOther">ffff</setting>
  <setting name="ColorIoWrite">ff0077</setting>
  <setting name="ColorPrivate">77ff</setting>
  <setting name="ColorPhysical">ffff00</setting>
  <setting name="ProcessHacker.DotNetTools.AsmTreeListColumns"></setting>
  <setting name="ProcessHacker.DotNetTools.DotNetCategoryIndex">5</setting>
  <setting name="ProcessHacker.DotNetTools.DotNetListColumns"></setting>
  <setting name="ProcessHacker.DotNetTools.DotNetShowByteSizes">1</setting>
  <setting name="ProcessHacker.ExtendedNotifications.EnableGrowl">0</setting>
  <setting name="ProcessHacker.ExtendedNotifications.LogFileName"></setting>
  <setting name="ProcessHacker.ExtendedNotifications.ProcessList">\i*</setting>
  <setting name="ProcessHacker.ExtendedNotifications.ServiceList">\i*</setting>
  <setting name="ProcessHacker.ExtendedServices.EnableServicesMenu">0</setting>
  <setting name="ProcessHacker.ExtendedTools.DiskTreeListColumns"></setting>
  <setting name="ProcessHacker.ExtendedTools.DiskTreeListSort">4,2</setting>
  <setting name="ProcessHacker.ExtendedTools.EnableEtwMonitor">1</setting>
  <setting name="ProcessHacker.ExtendedTools.EnableGpuMonitor">1</setting>
  <setting name="ProcessHacker.ExtendedTools.GpuNodeBitmap">01000000</setting>
  <setting name="ProcessHacker.ExtendedTools.GpuLastNodeCount">e</setting>
  <setting name="ProcessHacker.HardwareDevices.EnableNDIS">1</setting>
  <setting name="ProcessHacker.HardwareDevices.NetworkList"></setting>
  <setting name="ProcessHacker.HardwareDevices.DiskList"></setting>
  <setting name="ProcessHacker.NetworkTools.WindowPosition">0,0</setting>
  <setting name="ProcessHacker.NetworkTools.WindowSize">@96|600,365</setting>
  <setting name="ProcessHacker.NetworkTools.PingWindowPosition">0,0</setting>
  <setting name="ProcessHacker.NetworkTools.PingWindowSize">@96|420,250</setting>
  <setting name="ProcessHacker.NetworkTools.PingMaxTimeout">3e8</setting>
  <setting name="ProcessHacker.SbieSupport.SbieDllPath">C:\Program Files\Sandboxie\SbieDll.dll</setting>
  <setting name="ProcessHacker.ToolStatus.Config">1f</setting>
  <setting name="ProcessHacker.ToolStatus.ToolbarTheme">0</setting>
  <setting name="ProcessHacker.ToolStatus.ToolbarDisplayStyle">1</setting>
  <setting name="ProcessHacker.ToolStatus.SearchBoxDisplayMode">0</setting>
  <setting name="ProcessHacker.ToolStatus.RebarConfig"></setting>
  <setting name="ProcessHacker.ToolStatus.ToolbarConfig"></setting>
  <setting name="ProcessHacker.ToolStatus.StatusbarConfig"></setting>
  <setting name="ProcessHacker.UpdateChecker.PromptStart">1</setting>
  <setting name="ProcessHacker.UpdateChecker.LastUpdateCheckTime">131306311849862430</setting>
  <setting name="ProcessHacker.UserNotes.DatabasePath">E:\CYGWIN\home\jaredporter\portableapps\ProcessHackerPortable\Data\usernotesdb.xml</setting>
  <setting name="ProcessHacker.UserNotes.ColorCustomList"></setting>
  <setting name="ProcessHacker.WindowExplorer.ShowDesktopWindows">0</setting>
  <setting name="ProcessHacker.WindowExplorer.WindowTreeListColumns"></setting>
  <setting name="ProcessHacker.WindowExplorer.WindowsWindowPosition">100,100</setting>
  <setting name="ProcessHacker.WindowExplorer.WindowsWindowSize">@96|690,540</setting>
  <setting name="MemoryListViewColumns"></setting>
  <setting name="UseColorPosixProcesses">1</setting>
  <setting name="ColorPosixProcesses">8b3d48</setting>
  <setting name="ProcessHacker.ToolStatus.EnableToolBar">1</setting>
  <setting name="ProcessHacker.ToolStatus.EnableStatusBar">1</setting>
  <setting name="ProcessHacker.ToolStatus.ResolveGhostWindows">1</setting>
  <setting name="ProcessHacker.ToolStatus.StatusMask">d</setting>
  <setting name="ProcessHacker.Updater.PromptStart">1</setting>
</settings>
